,Portfolio,PortfolioG,PortfolioB
0,1015.78017485028,505.26396601331055,510.5162088369695
1,1015.7596420798765,505.2639709068033,510.49567117307316
2,1006.0335260405649,500.434933180726,505.5985928598389
3,999.2912973377513,496.5393331719715,502.75196416577984
4,995.4990718360078,495.4420738208308,500.05699801517704
5,990.5564243899069,494.72361564320084,495.83280874670595
6,992.5150342186023,496.632314486972,495.8827197316303
7,991.3344183766392,496.0215497933475,495.3128685832916
8,993.7968413868191,500.38980649984273,493.4070348869764
9,989.7816306176117,506.2440661905528,483.53756442705884
10,982.2526261016401,507.287847699081,474.9647784025591
11,978.0682551597384,508.1919313271316,469.87632383260683
12,984.9851213605989,508.93231449059874,476.05280687000015
13,983.5048796707001,510.2710289955234,473.23385067517677
14,975.3804493253408,505.710337213318,469.6701121120228
15,977.6861996857674,504.1696347025538,473.51656498321364
16,975.1942784172014,502.39971206465907,472.79456635254235
17,974.5780627626102,503.7312656565054,470.8467971061049
18,977.9680028147018,503.6560751522633,474.31192766243845
19,982.3978132584506,503.58412396713425,478.81368929131634
20,978.5893972740982,500.0124157456205,478.5769815284778
21,966.4911328396466,487.9773575744238,478.5137752652228
22,958.2198624229802,480.87700872608656,477.3428536968937
23,949.711521520901,474.1280797678867,475.58344175301426
24,954.0496820306072,474.95589126834255,479.09379076226463
25,957.9723636629363,474.1997328893604,483.77263077357594
26,956.7796293268593,473.517307048161,483.2623222786983
27,958.1328596441824,473.1747012605466,484.95815838363575
28,957.8040184264806,470.3237414465347,487.4802769799459
29,957.406473737206,470.94160191070375,486.4648718265023
30,975.399989842887,472.14034917399374,503.2596406688932
31,975.0552617385129,468.1745339255594,506.8807278129535
32,975.1217372749725,467.7087293944495,507.41300788052297
33,979.6111456349083,467.26822422669426,512.3429214082141
34,984.6539844116171,467.9876430858997,516.6663413257173
35,984.8310516271715,468.8519752703298,515.9790763568418
36,987.5093235978354,472.50586607792076,515.0034575199147
37,983.4978375086757,473.11626966994913,510.3815678387266
38,980.7054094716304,470.7016984328369,510.0037110387936
39,984.5241789109737,470.347743100785,514.1764358101887
40,1004.3063094931666,470.00515564975274,534.3011538434139
41,1003.5153823585933,469.48769616779015,534.0276861908031
42,1004.5421508077061,470.59087269071034,533.9512781169958
43,1009.2196751294762,470.69970809191926,538.519967037557
44,1005.4068425622978,468.8408906050506,536.5659519572472
45,1034.172517034192,471.0378977553464,563.1346192788455
46,1039.7323520693826,470.77642327175437,568.9559287976283
47,1039.103364652836,470.52072832999113,568.5826363228449
48,1049.5834129132709,469.90114140533257,579.6822715079384
49,1059.615182196078,475.7238623279021,583.891319868176
50,1061.7708130714632,481.2409737122275,580.5298393592358
51,1091.8946913141701,480.24987550959236,611.6448158045778
52,1053.9823035892268,480.9100373182664,573.0722662709603
53,1053.9559967211776,480.9236543792962,573.0323423418815
54,1073.6382592219747,480.93662904453936,592.7016301774353
55,1074.4514947337934,473.6579855274084,600.7935092063849
56,1074.111246494569,473.1964374227068,600.9148090718624
57,1074.484065232469,472.6383315862452,601.8457336462238
58,1081.0196770513066,467.2990905182801,613.7205865330267
59,1071.2876375065769,455.5082784297028,615.779359076874
60,1067.046955397677,454.94639306879577,612.1005623288812
61,1057.921429639964,454.4092624160167,603.5121672239471
62,1049.2473219860647,445.50638264151127,603.7409393445533
63,1058.6617817235006,449.9134704697576,608.748311253743
64,1064.172827987722,450.1968042437046,613.9760237440175
65,1064.8198187901023,448.77760266567003,616.0422161244322
66,1081.7641970210757,442.5216419814641,639.2425550396116
67,1091.802496306917,442.05429163079856,649.7482046761183
68,1093.8453764211463,441.60542629849374,652.2399501226524
69,1078.3864147980123,442.35741178439514,636.0290030136172
70,1086.8113434688307,441.2036746200837,645.6076688487469
71,1076.507966835374,431.0147092556812,645.4932575796928
72,1081.7132750366036,430.9108625322655,650.802412504338
73,1079.427062887596,431.1254377373949,648.3016251502013
74,1078.6282596189988,430.76585182392824,647.8624077950705
75,1077.6689502651843,430.417363643651,647.2515866215333
76,1073.131774079974,429.82579443256844,643.3059796474057
77,1073.1390723023546,429.3360214335105,643.8030508688441
78,1075.602076507774,425.96373665096183,649.6383398568122
79,1079.336757583495,419.7968786358107,659.5398789476843
80,1083.7342234117414,423.7351277285227,659.9990956832187
81,1111.5084493938616,423.4421365363704,688.0663128574912
82,1104.9990294743568,423.15637847684576,681.8426509975111
83,1100.457402789687,418.8054201523315,681.6519826373554
84,1097.4497784496602,422.2552024313636,675.1945760182967
85,1101.8220115203626,423.83310451919453,677.9889070011681
86,1102.283748314105,421.1816755978975,681.1020727162074
87,1109.9446803835585,418.2385629136585,691.7061174699002
88,1110.8896841229407,417.9866050443734,692.9030790785673
89,1110.7018255654111,417.7399084588853,692.9619171065258
90,1115.8039050046314,414.8072270199249,700.9966779847066
91,1117.3078281459302,415.4560922424537,701.8517359034764
92,1120.1382976792736,416.5537154000236,703.5845822792501
93,1105.2761772997937,403.680242737655,701.5959345621388
94,1109.2128314374188,405.1199942650656,704.0928371723531
95,1108.9874146306954,404.89225032129247,704.095164309403
96,1121.1897903373101,404.668737273298,716.5210530640122
97,1123.1079045346871,406.11131577030295,716.9965887643842
98,1120.098863976731,402.12109955595224,717.9777644207787
99,1127.4772554395608,404.75027331708395,722.7269821224769
100,1155.525741005271,403.71338021223346,751.8123607930373
101,1165.8028761941216,403.5031144505055,762.2997617436162
102,1226.8338383004561,403.29636509132456,823.5374732091317
103,1218.4141897816485,403.09297680006813,815.3212129815804
104,1219.8030200232674,402.89290945571315,816.9101105675542
105,1224.6063772042505,402.695982232821,821.9103949714295
106,1256.4978693445141,403.6583475450172,852.839521799497
107,1260.2731048913306,407.4829666722329,852.7901382190976
108,1290.957144369573,407.28168290411685,883.675461465456
109,1280.4362394814314,407.08331045914275,873.3529290222887
110,1286.2784820735544,406.8877347682752,879.3907473052792
111,1322.9922366905657,406.6949123629303,916.2973243276355
112,1341.8871860053505,408.313990477405,933.5731955279454
113,1344.5294088534301,412.8222172269412,931.707191626489
114,1453.4804886264023,417.04193868706517,1036.4385499393372
115,1332.0292936050878,416.55141392852215,915.4778796765655
116,1338.0903298089897,416.3636150485279,921.7267147604618
117,1244.535325120427,416.17797157267194,828.357353547755
118,1258.1805109910588,416.93177903777877,841.2487319532801
119,1266.4665642828506,420.6414293123993,845.8251349704514
120,1260.6442338072507,416.59977747132064,844.04445633593
121,1159.2723447346127,425.78180997796625,733.4905347566465
122,1151.478279405428,420.4328472470506,731.0454321583776
123,1195.3485059220925,420.25109903031955,775.097406891773
124,1189.5629317118614,420.07096281112695,769.4919689007344
125,1197.5292267214509,424.35471726686,773.1745094545907
126,1214.4752817442625,428.79700373303973,785.6782780112228
127,1285.7610668759758,428.2049791696097,857.5560877063659
128,1284.8646286696594,421.47949594953263,863.3851327201269
129,1279.1181275171323,422.88974274139827,856.228384775734
130,1279.927352350238,422.72394102725974,857.2034113229782
131,1284.7161516464253,422.5593741314343,862.156777514991
132,1314.0477725873861,426.7236476040183,887.3241249833677
133,1321.7523870965679,427.9740565178573,893.7783305787107
134,1314.9715945559965,420.17956705198503,894.7920275040115
135,1289.6647998619528,418.1386907579273,871.5261091040255
136,1313.0460687423483,416.2489134305681,896.7971553117801
137,1314.9349244702476,416.05705109277585,898.8778733774716
138,1322.8586673171826,415.8668552329775,906.9918120842051
139,1324.044856251669,418.4673718778954,905.5774843737735
140,1330.0284212418212,425.30535457947616,904.723066662345
141,1381.7338474603637,421.9601556992125,959.7736917611512
142,1405.9762926450394,428.2150043000866,977.7612883449528
143,1410.1814908651156,425.73481059829334,984.4466802668223
144,1442.684300235966,425.6022369061117,1017.0820633298543
145,1463.4560830024086,425.4704196770012,1037.9856633254074
146,1473.1590226510427,429.38198312066265,1043.77703953038
147,1466.9974503644653,430.768590986033,1036.2288593784322
148,1499.8998875996344,434.56356053805325,1065.3363270615812
149,1503.2630120238036,432.65260097393815,1070.6104110498654
150,1424.4499967612137,429.6077776648081,994.8422190964055
151,1450.6532552696335,429.5120496365826,1021.1412056330508
152,1451.7890232454615,429.41670002031407,1022.3723232251474
153,1455.4220952936557,427.207160137124,1028.2149351565317
154,1460.2382937897141,430.0660921246787,1030.1722016650356
155,1461.9697657475126,427.76016300756476,1034.2096027399477
156,1481.6637600111803,433.29608846525144,1048.367671545929
157,1508.4488140372018,433.7261951288862,1074.7226189083156
158,1510.9309693716011,433.67165976111704,1077.259309610484
159,1535.7446252049972,433.617274115598,1102.1273510893993
160,1532.464518554819,431.9397300806989,1100.5247884741202
161,1531.3750501923923,430.4410240796468,1100.9340261127454
162,1611.4385648999646,431.5656828734194,1179.872882026545
163,1616.928222130943,435.42208618816557,1181.5061359427773
164,1628.2493918362118,437.39237808719264,1190.8570137490192
165,1677.7253120738403,437.3732878194955,1240.3520242543448
166,1654.0062186519433,437.35419799049214,1216.6520206614512
167,1657.0290615115575,438.57351320034604,1218.4555483112115
168,1701.334282600218,438.00633200407935,1263.3279505961389
169,1694.4999767021359,432.6905261152872,1261.8094505868487
170,1699.03922818192,431.8305406692563,1267.2086875126636
171,1769.769377478985,427.72076080573595,1342.0486166732492
172,1798.7575695594617,427.6218689594889,1371.1357005999728
173,1800.6187126870834,427.5234100396272,1373.0953026474563
174,1786.4216327389122,428.9761511274793,1357.445481611433
175,1787.467305583164,423.90908713390627,1363.5582184492578
176,1790.8763574678974,421.187658188124,1369.6886992797733
177,1660.444930544276,420.11854448701706,1240.326386057259
178,1698.7562935237058,418.60856350868653,1280.1477300150193
179,1700.2601890333437,418.44712711137345,1281.8130619219703
180,1688.225063662624,418.2866588509527,1269.9384048116713
181,1742.8123898315398,418.6660339957496,1324.1463558357902
182,1744.9479767304244,418.65018876653636,1326.2977879638881
183,1763.8493984057056,416.48213151962796,1347.3672668860777
184,1789.185391790762,426.925261686983,1362.260130103779
185,1790.559695908138,426.92614588745255,1363.6335500206856
186,1612.1352143245438,426.84132651051374,1185.29388781403
187,1463.3038493355928,426.7568087624309,1036.547040573162
188,1482.9649448088794,427.64424434332835,1055.320700465551
189,1577.0747728769052,430.7610725727527,1146.3137003041525
190,1658.5175821023636,433.3000349215989,1225.2175471807648
191,1654.8425459680163,432.7407155608676,1222.1018304071488
192,1576.1541704597703,432.71421461443913,1143.439955845331
193,1471.9911356796435,432.68773418126625,1039.3034014983773
194,1458.4349498407453,432.6612448609601,1025.7737049797852
195,1495.6160965923614,436.1201857492216,1059.4959108431399
196,1586.8739619657883,436.0213158402052,1150.852646125583
197,1591.924453319972,433.8925777001436,1158.0318756198283
198,1593.5483865428487,433.0800245455589,1160.4683619972898
199,1592.1062682888005,431.6880778874094,1160.418190401391
200,1591.4245360121265,431.6533720427751,1159.7711639693514
201,1652.891543593777,431.61870921576235,1221.2728343780147
202,1670.72074876161,432.41619550590576,1238.3045532557041
203,1655.9192871044106,435.994710176133,1219.9245769282775
204,1724.7593217395552,431.8926356587175,1292.8666860808376
205,1720.8489733579115,434.1841514815865,1286.664821876325
206,1729.6093212785013,439.0104586432475,1290.598862635254
207,1798.0199789488076,439.04499397405743,1358.9749849747502
208,1790.9301256087433,439.07926106312493,1351.8508645456184
209,1792.0719872114057,433.4269706180105,1358.6450165933952
210,1823.7830978193792,434.3984851628767,1389.3846126565024
211,1856.4003238886132,441.81079871868286,1414.5895251699303
212,1854.570989536181,445.2883848334196,1409.2826047027613
213,1812.7698670780285,445.3779399851544,1367.391927092874
214,1822.3012173073314,445.4669423153669,1376.8342749919645
215,1808.381288401146,445.55534904214915,1362.825939358997
216,1831.104088660942,445.64315195757473,1385.4609367033672
217,1854.5782514149034,443.9254358306598,1410.6528155842436
218,1824.36294374936,444.03312348684096,1380.3298202625192
219,1876.898933088458,445.16490813053264,1431.7340249579254
220,1908.1741514986452,445.15879197036395,1463.0153595282811
221,1905.542317905722,445.2383028987351,1460.304015006987
222,1938.0653380402327,445.317369412105,1492.7479686281276
223,1933.0632764789652,441.0699978133519,1491.9932786656134
224,1915.334047117329,440.5574037422119,1474.7766433751171
225,1962.4041381845489,438.5278088085661,1523.8763293759828
226,2001.299953633141,438.87724127959746,1562.4227123535436
227,1980.3971339066666,440.16801777204955,1540.229116134617
228,2035.336681936281,440.20172435156303,1595.134957584718
229,2042.746049225022,440.2352918963894,1602.5107573286325
230,2043.3118839352378,440.2685532035539,1603.043330731684
231,2143.815595878349,436.47732035127103,1707.338275527078
232,2186.825537249697,434.6843559350906,1752.1411813146062
233,2176.269937812317,427.0682126010598,1749.2017252112573
234,2252.064120047072,426.8323461805618,1825.23177386651
235,2284.632772128847,426.73441309932423,1857.8983590295231
236,2269.0589869710457,426.6368096655315,1842.4221773055144
237,2292.6160267606692,427.1473586454588,1865.4686681152102
238,2418.8164473530887,423.79231730147444,1995.0241300516143
239,2434.2726264594594,424.55426420084007,2009.7183622586194
240,2572.316518251044,424.509531163108,2147.806987087936
241,2647.566893976657,427.206920565139,2220.359973411518
242,2657.220399867658,427.12238167577806,2230.0980181918803
243,2589.0540791635776,427.03813393526434,2162.0159452283133
244,2596.742542883151,427.6650077527468,2169.077535130404
245,2603.15289520251,427.900590603708,2175.2523045988023
246,2562.6742746766304,435.86973010859845,2126.804544568032
247,2647.700343975139,435.361187815377,2212.339156159762
248,2619.1894920384475,434.01520554671407,2185.1742864917333
249,2838.483931541624,434.00709915756454,2404.4768323840594
250,2950.4735957161647,433.99893903660575,2516.474656679559
251,2900.213957957828,436.36524345465784,2463.84871450317
252,3001.0246575481324,436.8497361824327,2564.1749213656994
253,3241.599063310112,434.2188561490544,2807.3802071610576
254,3205.8938809943143,435.7380508240039,2770.1558301703103
255,3370.853728516571,438.5558861422678,2932.2978423743034
256,3155.625068069694,438.5942338969501,2717.0308341727437
257,3238.9679432135795,438.6324160799565,2800.335527133623
258,3133.829857949712,438.67035632639283,2695.159501623319
259,3234.968481753692,437.89318423402136,2797.0752975196706
260,3255.1379361001345,439.1365037307726,2816.0014323693617
261,3249.658475899273,438.7096110050929,2810.94886489418
262,3392.501682081886,442.24963074845266,2950.2520513334334
263,3407.208597066543,442.32005585810737,2964.8885412084355
264,3551.3100405834903,442.390123947349,3108.9199166361414
265,3541.2803777283766,444.19481442439866,3097.085563303978
266,3563.9012344415364,448.9830217073173,3114.918212734219
267,4000.355325505644,448.2388227238869,3552.116502781757
268,3697.327991622103,5.088499823926938e-06,3697.3279865336035
269,3724.4948084406183,2.4092167799471827e-08,3724.494808416526
270,3927.1265993337156,0.0,3927.1265993337156
271,3953.8612051034547,0.0,3953.8612051034547
272,4029.7495309876226,0.0,4029.7495309876226
273,3696.3974886529086,0.0,3696.3974886529086
274,3824.6651965177252,0.0,3824.6651965177252
275,3768.1203252346545,0.0,3768.1203252346545
276,3403.205386054416,0.0,3403.205386054416
277,3437.533614093247,0.0,3437.533614093247
278,3458.5909875846332,0.0,3458.5909875846332
279,3502.592092428192,0.0,3502.592092428192
280,3658.952992007755,0.0,3658.952992007755
281,3637.550096500407,0.0,3637.550096500407
282,3736.9149590852376,0.0,3736.9149590852376
283,3818.264848428044,0.0,3818.264848428044
284,3798.905462405751,0.0,3798.905462405751
285,3627.2195951178637,0.0,3627.2195951178637
286,3522.3166484793323,0.0,3522.3166484793323
287,3510.6951088722158,0.0,3510.6951088722158
288,3535.859241789528,0.0,3535.859241789528
289,3633.4880101449403,0.0,3633.4880101449403
290,3598.208204483936,0.0,3598.208204483936
291,3487.4393926206426,0.0,3487.4393926206426
292,3523.539171184148,0.0,3523.539171184148
293,3413.71633587918,0.0,3413.71633587918
294,3614.230446983111,0.0,3614.230446983111
295,3671.4310672126567,0.0,3671.4310672126567
296,3673.0141634449838,0.0,3673.0141634449838
297,3691.459780653032,0.0,3691.459780653032
298,3526.0569000070855,0.0,3526.0569000070855
299,3545.5242520447623,0.0,3545.5242520447623
300,3595.799319978827,0.0,3595.799319978827
301,3357.3240406162417,0.0,3357.3240406162417
302,3305.0594447523845,0.0,3305.0594447523845
303,3391.726824172451,0.0,3391.726824172451
304,3350.8657914321916,0.0,3350.8657914321916
305,3330.8845579153094,0.0,3330.8845579153094
306,2935.636149672669,0.0,2935.636149672669
307,2756.9434832327047,0.0,2756.9434832327047
308,2731.6455356681017,0.0,2731.6455356681017
309,3320.966540878805,0.0,3320.966540878805
310,3245.9438027687556,0.0,3245.9438027687556
311,3250.9376447376794,0.0,3250.9376447376794
312,3854.551178869696,0.0,3854.551178869696
313,4034.7527768886225,0.0,4034.7527768886225
314,4060.447751316424,0.0,4060.447751316424
315,3958.50627006576,0.0,3958.50627006576
316,3687.9822510553236,0.0,3687.9822510553236
317,3697.4753428406416,0.0,3697.4753428406416
318,3822.5201493259938,0.0,3822.5201493259938
319,4020.814761023724,0.0,4020.814761023724
320,4029.7412634639013,0.0,4029.7412634639013
321,3977.7990568883274,0.0,3977.7990568883274
322,4156.901523172118,0.0,4156.901523172118
323,4155.918341504167,0.0,4155.918341504167
324,3914.092186714756,0.0,3914.092186714756
325,4064.8403933867694,0.0,4064.8403933867694
326,4063.258876547288,0.0,4063.258876547288
327,4691.824844366337,0.0,4691.824844366337
328,4746.121319258092,0.0,4746.121319258092
329,4684.277344126535,0.0,4684.277344126535
330,5049.332518163323,0.0,5049.332518163323
331,4906.836057623617,0.0,4906.836057623617
332,4885.912616879911,0.0,4885.912616879911
333,5317.695336270079,0.0,5317.695336270079
334,5644.01702468516,0.0,5644.01702468516
335,5670.44882633564,0.0,5670.44882633564
336,6281.651135874589,0.0,6281.651135874589
337,6187.994983429207,0.0,6187.994983429207
338,6136.766169810821,0.0,6136.766169810821
339,6358.581524802612,0.0,6358.581524802612
340,6070.271305413514,0.0,6070.271305413514
341,6032.428104467025,0.0,6032.428104467025
342,6114.10267132431,0.0,6114.10267132431
343,5949.287363865552,0.0,5949.287363865552
344,5864.747377895579,0.0,5864.747377895579
345,6145.987963676887,0.0,6145.987963676887
346,6392.988999557646,0.0,6392.988999557646
347,6383.627131690208,0.0,6383.627131690208
348,6429.168170329893,0.0,6429.168170329893
349,6423.190121222519,0.0,6423.190121222519
350,6403.871612464036,0.0,6403.871612464036
351,6804.1577721871745,0.0,6804.1577721871745
352,6784.936063660625,0.0,6784.936063660625
353,6766.496648181569,0.0,6766.496648181569
354,7252.587513908595,0.0,7252.587513908595
355,6765.938778020174,0.0,6765.938778020174
356,6776.901881585393,0.0,6776.901881585393
357,6423.032753751923,0.0,6423.032753751923
358,6640.66605864226,0.0,6640.66605864226
359,6490.645847485662,0.0,6490.645847485662
360,6893.738655413561,0.0,6893.738655413561
361,6387.5736730898225,0.0,6387.5736730898225
362,6393.9023811317065,0.0,6393.9023811317065
363,6424.140124964665,0.0,6424.140124964665
364,6306.6005898369995,0.0,6306.6005898369995
365,6233.084845830846,0.0,6233.084845830846
366,5880.741476854547,0.0,5880.741476854547
367,4932.091947121514,0.0,4932.091947121514
368,4784.765092276464,0.0,4784.765092276464
369,5605.969741046518,0.0,5605.969741046518
370,5586.094157802776,0.0,5586.094157802776
371,5491.598953401979,0.0,5491.598953401979
372,5893.816407885415,0.0,5893.816407885415
373,5951.062604375449,0.0,5951.062604375449
374,5832.72467556457,0.0,5832.72467556457
375,5453.679048911176,0.0,5453.679048911176
376,5668.969133755012,0.0,5668.969133755012
377,5677.345527293953,0.0,5677.345527293953
378,5931.926836407764,0.0,5931.926836407764
379,5889.696914818528,0.0,5889.696914818528
380,5851.762806197662,0.0,5851.762806197662
381,6342.68909855445,0.0,6342.68909855445
382,6336.195246372007,0.0,6336.195246372007
383,6297.788293435431,0.0,6297.788293435431
384,6601.0733531999795,0.0,6601.0733531999795
385,6646.510694055002,0.0,6646.510694055002
386,6663.106730984785,0.0,6663.106730984785
387,6412.550712805951,0.0,6412.550712805951
388,6591.092641500467,0.0,6591.092641500467
389,6566.180984054185,0.0,6566.180984054185
390,6653.745777239545,0.0,6653.745777239545
391,7003.470876180567,0.0,7003.470876180567
392,7008.582564264969,0.0,7008.582564264969
393,7282.7083424757375,0.0,7282.7083424757375
394,7339.336574608577,0.0,7339.336574608577
395,7348.722937594781,0.0,7348.722937594781
396,8484.664351950152,0.0,8484.664351950152
397,8757.363385013809,0.0,8757.363385013809
398,8893.90692173294,0.0,8893.90692173294
399,8722.983635517803,0.0,8722.983635517803
400,8563.36255376637,0.0,8563.36255376637
401,8554.00367618585,0.0,8554.00367618585
402,8762.074748152627,0.0,8762.074748152627
403,9152.073050468854,0.0,9152.073050468854
404,9162.726135496292,0.0,9162.726135496292
405,9162.039557014456,0.0,9162.039557014456
406,9002.20783522698,0.0,9002.20783522698
407,9044.16639591119,0.0,9044.16639591119
408,8694.432117088043,0.0,8694.432117088043
409,9042.024083195818,0.0,9042.024083195818
410,9040.867963069277,0.0,9040.867963069277
411,8871.596446074345,0.0,8871.596446074345
412,9453.211415703297,0.0,9453.211415703297
413,9428.4870182234,0.0,9428.4870182234
414,9815.88202569825,0.0,9815.88202569825
415,10245.181396014816,0.0,10245.181396014816
416,10382.409206997081,0.0,10382.409206997081
417,11067.783627625666,0.0,11067.783627625666
418,11440.164464527594,0.0,11440.164464527594
419,11333.835207800255,0.0,11333.835207800255
420,10757.245770095516,0.0,10757.245770095516
421,10919.872093010805,0.0,10919.872093010805
422,10976.060511030488,0.0,10976.060511030488
423,11024.828801152715,0.0,11024.828801152715
424,10352.615012594304,0.0,10352.615012594304
425,10125.254009190667,0.0,10125.254009190667
426,8814.584383612075,0.0,8814.584383612075
427,10100.469783597255,0.0,10100.469783597255
428,10019.09566833619,0.0,10019.09566833619
429,11271.94934479186,0.0,11271.94934479186
430,12070.727560433876,0.0,12070.727560433876
431,12159.210640999429,0.0,12159.210640999429
432,12084.644915655741,0.0,12084.644915655741
433,12384.440432033814,0.0,12384.440432033814
434,12449.467503841157,0.0,12449.467503841157
435,12469.665813897227,0.0,12469.665813897227
436,12791.803506533226,0.0,12791.803506533226
437,12748.310007791686,0.0,12748.310007791686
438,12770.347243315124,0.0,12770.347243315124
439,13481.508175530826,0.0,13481.508175530826
440,13581.297243185214,0.0,13581.297243185214
441,15056.970765413993,0.0,15056.970765413993
442,15424.09632535974,0.0,15424.09632535974
443,15372.134522191875,0.0,15372.134522191875
444,15726.026110945657,0.0,15726.026110945657
445,16871.75511077522,0.0,16871.75511077522
446,16865.473914399783,0.0,16865.473914399783
447,17571.006528000315,0.0,17571.006528000315
448,17966.63674397151,0.0,17966.63674397151
449,17980.688329843393,0.0,17980.688329843393
450,21009.94258196243,0.0,21009.94258196243
451,25609.830324291353,0.0,25609.830324291353
452,26173.29263987476,0.0,26173.29263987476
453,23506.32704126013,0.0,23506.32704126013
454,23082.47151822632,0.0,23082.47151822632
455,23400.007344340884,0.0,23400.007344340884
456,26836.681359732276,0.0,26836.681359732276
457,26109.631199604188,0.0,26109.631199604188
458,25254.04143947834,0.0,25254.04143947834
459,27624.06897494003,0.0,27624.06897494003
460,30308.091370427806,0.0,30308.091370427806
461,29976.191246893286,0.0,29976.191246893286
462,29481.67025531067,0.0,29481.67025531067
463,27585.519254134833,0.0,27585.519254134833
464,27044.39941856603,0.0,27044.39941856603
465,24975.536302393244,0.0,24975.536302393244
466,23654.161761267205,0.0,23654.161761267205
467,21462.043887532185,0.0,21462.043887532185
468,21746.677027181133,0.0,21746.677027181133
469,22027.138863506527,0.0,22027.138863506527
470,21450.53871458045,0.0,21450.53871458045
471,24351.722106926904,0.0,24351.722106926904
472,22475.96032836415,0.0,22475.96032836415
473,22233.652941662636,0.0,22233.652941662636
474,20690.234487617126,0.0,20690.234487617126
475,22199.44647033378,0.0,22199.44647033378
476,21637.17365061165,0.0,21637.17365061165
477,23554.250104478804,0.0,23554.250104478804
478,23643.839088232395,0.0,23643.839088232395
479,23640.53756219877,0.0,23640.53756219877
480,27015.777454950137,0.0,27015.777454950137
481,27257.999806557717,0.0,27257.999806557717
482,27014.512523129462,0.0,27014.512523129462
483,24038.339340969585,0.0,24038.339340969585
484,23188.537070270635,0.0,23188.537070270635
485,22774.50531503959,0.0,22774.50531503959
486,20975.180202677682,0.0,20975.180202677682
487,21972.49415137238,0.0,21972.49415137238
488,21802.395292802325,0.0,21802.395292802325
489,21921.80630376299,0.0,21921.80630376299
490,22196.718739681768,0.0,22196.718739681768
491,21493.83737589172,0.0,21493.83737589172
492,17648.06375116474,0.0,17648.06375116474
493,18039.726889055102,0.0,18039.726889055102
494,17797.039044108482,0.0,17797.039044108482
495,20662.333998385773,0.0,20662.333998385773
496,18381.81542782867,0.0,18381.81542782867
497,18427.564328366065,0.0,18427.564328366065
498,17990.75555415901,0.0,17990.75555415901
499,18117.248195233184,0.0,18117.248195233184
500,18320.430539036926,0.0,18320.430539036926
501,17671.882004990835,0.0,17671.882004990835
502,18599.498326500892,0.0,18599.498326500892
503,18479.8388231533,0.0,18479.8388231533
504,18158.638430561525,0.0,18158.638430561525
505,16521.553049696937,0.0,16521.553049696937
506,16389.76872010149,0.0,16389.76872010149
507,14793.009584876952,0.0,14793.009584876952
508,14527.0834762012,0.0,14527.0834762012
509,14476.984049989445,0.0,14476.984049989445
510,13764.678206510745,0.0,13764.678206510745
511,11228.32949331645,0.0,11228.32949331645
512,11394.572939749998,0.0,11394.572939749998
513,13355.982865967133,0.0,13355.982865967133
514,13617.641043321475,0.0,13617.641043321475
515,13654.150006953068,0.0,13654.150006953068
516,13807.543888260901,0.0,13807.543888260901
517,13877.076650226347,0.0,13877.076650226347
518,13447.279240236685,0.0,13447.279240236685
519,14361.601541418826,0.0,14361.601541418826
520,15624.285281505654,0.0,15624.285281505654
521,15886.764066355972,0.0,15886.764066355972
522,17021.63120860675,0.0,17021.63120860675
523,18258.07118661645,0.0,18258.07118661645
524,18703.091326848495,0.0,18703.091326848495
525,18782.74086083033,0.0,18782.74086083033
526,19292.055635117857,0.0,19292.055635117857
527,19082.243178869023,0.0,19082.243178869023
528,16881.532220769754,0.0,16881.532220769754
529,17310.26275165955,0.0,17310.26275165955
530,17360.88350940021,0.0,17360.88350940021
531,16584.036285723596,0.0,16584.036285723596
532,17735.396654158507,0.0,17735.396654158507
533,17719.906897538873,0.0,17719.906897538873
534,17842.988593943308,0.0,17842.988593943308
535,18975.442862901175,0.0,18975.442862901175
536,18839.158947939235,0.0,18839.158947939235
537,19558.875347035224,0.0,19558.875347035224
538,19772.24499690107,0.0,19772.24499690107
539,19957.69082880989,0.0,19957.69082880989
540,18684.732814794657,0.0,18684.732814794657
541,17600.084099568532,0.0,17600.084099568532
542,17289.187792168705,0.0,17289.187792168705
543,15872.497391881056,0.0,15872.497391881056
544,15304.01929286987,0.0,15304.01929286987
545,15392.277289194602,0.0,15392.277289194602
546,16136.60290116882,0.0,16136.60290116882
547,16119.419490366334,0.0,16119.419490366334
548,16149.176948548065,0.0,16149.176948548065
549,14773.673793455822,0.0,14773.673793455822
550,15108.958733298301,0.0,15108.958733298301
551,14726.864168469929,0.0,14726.864168469929
552,14532.60588979001,0.0,14532.60588979001
553,14991.041850919739,0.0,14991.041850919739
554,15368.031930340816,0.0,15368.031930340816
555,16010.821488689335,0.0,16010.821488689335
556,15580.84946070437,0.0,15580.84946070437
557,15674.769335440531,0.0,15674.769335440531
558,15593.44687583899,0.0,15593.44687583899
559,15545.718833141142,0.0,15545.718833141142
560,15292.128839721066,0.0,15292.128839721066
561,14267.046666943763,0.0,14267.046666943763
562,14446.651879715399,0.0,14446.651879715399
563,14455.028486390824,0.0,14455.028486390824
564,12535.20900340635,0.0,12535.20900340635
565,12652.779068239823,0.0,12652.779068239823
566,12677.932394381762,0.0,12677.932394381762
567,12880.80742161644,0.0,12880.80742161644
568,13589.82137904875,0.0,13589.82137904875
569,13644.664706998403,0.0,13644.664706998403
570,12565.621742982346,0.0,12565.621742982346
571,12176.390898203294,0.0,12176.390898203294
572,12254.488700902928,0.0,12254.488700902928
573,12984.913649615823,0.0,12984.913649615823
574,12417.25430074678,0.0,12417.25430074678
575,12596.694929038547,0.0,12596.694929038547
576,12883.534912163404,0.0,12883.534912163404
577,14627.070280548412,0.0,14627.070280548412
578,14829.010018573419,0.0,14829.010018573419
579,15036.672119309735,0.0,15036.672119309735
580,15636.412208102829,0.0,15636.412208102829
581,15719.501785303606,0.0,15719.501785303606
582,14858.872223146904,0.0,14858.872223146904
583,15391.437271858294,0.0,15391.437271858294
584,15443.55423871925,0.0,15443.55423871925
585,16754.393556739335,0.0,16754.393556739335
586,16701.73876972236,0.0,16701.73876972236
587,16969.636761396177,0.0,16969.636761396177
588,17007.109422888418,0.0,17007.109422888418
589,18226.029341814297,0.0,18226.029341814297
590,18458.327835096206,0.0,18458.327835096206
591,17728.53451641311,0.0,17728.53451641311
592,17290.45433632655,0.0,17290.45433632655
593,17163.48392685718,0.0,17163.48392685718
594,17979.48560571384,0.0,17979.48560571384
595,17868.746067804423,0.0,17868.746067804423
596,17864.633209641193,0.0,17864.633209641193
597,17862.55445105169,0.0,17862.55445105169
598,18708.865680733918,0.0,18708.865680733918
599,18966.88013559694,0.0,18966.88013559694
600,19101.48451191552,0.0,19101.48451191552
601,18793.53586546344,0.0,18793.53586546344
602,18822.184001446265,0.0,18822.184001446265
603,18067.756718585155,0.0,18067.756718585155
604,18284.638066895805,0.0,18284.638066895805
605,18296.493433383184,0.0,18296.493433383184
606,16674.659536141848,0.0,16674.659536141848
607,16735.95993995976,0.0,16735.95993995976
608,16725.79361768159,0.0,16725.79361768159
609,17129.993517143615,0.0,17129.993517143615
610,16880.71220856177,0.0,16880.71220856177
611,16832.8427924001,0.0,16832.8427924001
612,16139.36585349598,0.0,16139.36585349598
613,16434.20235790607,0.0,16434.20235790607
614,16461.118262087097,0.0,16461.118262087097
615,17026.78280524421,0.0,17026.78280524421
616,16813.664496527876,0.0,16813.664496527876
617,16865.377954712392,0.0,16865.377954712392
618,15207.02119992829,0.0,15207.02119992829
619,15250.25117246588,0.0,15250.25117246588
620,15298.571002319266,0.0,15298.571002319266
621,14853.244479653573,0.0,14853.244479653573
622,14914.655073009191,0.0,14914.655073009191
623,14905.904490322024,0.0,14905.904490322024
624,15165.996145012577,0.0,15165.996145012577
625,15042.621260545033,0.0,15042.621260545033
626,15070.972862375096,0.0,15070.972862375096
627,15401.846959530034,0.0,15401.846959530034
628,15655.22413867552,0.0,15655.22413867552
629,15666.635672992797,0.0,15666.635672992797
630,15414.159137661665,0.0,15414.159137661665
631,15677.039465100406,0.0,15677.039465100406
632,15711.729530136823,0.0,15711.729530136823
633,15856.500292601306,0.0,15856.500292601306
634,15766.866418227515,0.0,15766.866418227515
635,15785.069010811158,0.0,15785.069010811158
636,14070.555024277113,0.0,14070.555024277113
637,14298.59167061688,0.0,14298.59167061688
638,14327.746871502342,0.0,14327.746871502342
639,13170.929908562588,0.0,13170.929908562588
640,13881.653399948447,0.0,13881.653399948447
641,13884.659190462387,0.0,13884.659190462387
642,13636.50922098642,0.0,13636.50922098642
643,13562.21756295223,0.0,13562.21756295223
644,13539.625668321269,0.0,13539.625668321269
645,14172.271921878304,0.0,14172.271921878304
646,14147.775870679028,0.0,14147.775870679028
647,14263.654928241538,0.0,14263.654928241538
648,13382.57226263087,0.0,13382.57226263087
649,12996.103220674657,0.0,12996.103220674657
650,13076.154058917484,0.0,13076.154058917484
651,13181.01772025996,0.0,13181.01772025996
652,13214.252617831926,0.0,13214.252617831926
653,12972.581775862533,0.0,12972.581775862533
654,13011.194015024183,0.0,13011.194015024183
655,12602.070457084925,0.0,12602.070457084925
656,13283.405049177987,0.0,13283.405049177987
657,13620.142631367054,0.0,13620.142631367054
658,13833.116901364741,0.0,13833.116901364741
659,14192.886210134755,0.0,14192.886210134755
660,14140.000953399609,0.0,14140.000953399609
661,14181.178312191274,0.0,14181.178312191274
662,14099.608662121635,0.0,14099.608662121635
663,14205.552282336088,0.0,14205.552282336088
664,14567.987134032834,0.0,14567.987134032834
665,14526.9623436447,0.0,14526.9623436447
666,14086.744875938404,0.0,14086.744875938404
667,13816.218112184913,0.0,13816.218112184913
668,13885.047299183616,0.0,13885.047299183616
669,13559.149691437586,0.0,13559.149691437586
670,13567.928662277462,0.0,13567.928662277462
671,13600.818849439363,0.0,13600.818849439363
672,14198.997644649084,0.0,14198.997644649084
673,14993.885293532916,0.0,14993.885293532916
674,16005.607118950638,0.0,16005.607118950638
675,16197.4723143177,0.0,16197.4723143177
676,16292.680453745521,0.0,16292.680453745521
677,16116.862526921797,0.0,16116.862526921797
678,16398.80001848369,0.0,16398.80001848369
679,16953.26076782253,0.0,16953.26076782253
680,17038.29512357823,0.0,17038.29512357823
681,18253.52291143272,0.0,18253.52291143272
682,18143.97636349861,0.0,18143.97636349861
683,17625.148679986207,0.0,17625.148679986207
684,18194.34146814663,0.0,18194.34146814663
685,18279.37652506301,0.0,18279.37652506301
686,18345.50486266664,0.0,18345.50486266664
687,17700.392497880013,0.0,17700.392497880013
688,16957.572773289514,0.0,16957.572773289514
689,17065.76834128272,0.0,17065.76834128272
690,16613.7339627314,0.0,16613.7339627314
691,16310.03679590132,0.0,16310.03679590132
692,15802.305871339242,0.0,15802.305871339242
693,15774.113613874659,0.0,15774.113613874659
694,15809.406371421512,0.0,15809.406371421512
695,15210.374640820688,0.0,15210.374640820688
696,14501.284403098914,0.0,14501.284403098914
697,14517.36179422916,0.0,14517.36179422916
698,13952.9271992759,0.0,13952.9271992759
699,14362.18211042686,0.0,14362.18211042686
700,14465.079169255365,0.0,14465.079169255365
701,14270.343989288256,0.0,14270.343989288256
702,14541.503960869999,0.0,14541.503960869999
703,14511.584954517864,0.0,14511.584954517864
704,14459.521163043235,0.0,14459.521163043235
705,14761.625679215062,0.0,14761.625679215062
706,14705.672683152485,0.0,14705.672683152485
707,14912.590082977214,0.0,14912.590082977214
708,14732.848053300208,0.0,14732.848053300208
709,15152.95971510663,0.0,15152.95971510663
710,14659.61549660819,0.0,14659.61549660819
711,15116.27297688065,0.0,15116.27297688065
712,15541.427511749282,0.0,15541.427511749282
713,15606.164312243065,0.0,15606.164312243065
714,15582.523876921518,0.0,15582.523876921518
715,16254.518444794932,0.0,16254.518444794932
716,16459.554458267346,0.0,16459.554458267346
717,16145.053376232478,0.0,16145.053376232478
718,16283.370500823821,0.0,16283.370500823821
719,16392.234727362003,0.0,16392.234727362003
720,16953.218479926527,0.0,16953.218479926527
721,17007.44700130622,0.0,17007.44700130622
722,17043.094352184373,0.0,17043.094352184373
723,16709.28410749336,0.0,16709.28410749336
724,15133.969512574049,0.0,15133.969512574049
725,15315.897928969584,0.0,15315.897928969584
726,15016.067632714872,0.0,15016.067632714872
727,14839.239604075576,0.0,14839.239604075576
728,14753.745925134783,0.0,14753.745925134783
729,14900.653132483092,0.0,14900.653132483092
730,14864.054818426257,0.0,14864.054818426257
731,15007.938480002025,0.0,15007.938480002025
732,15438.079735514557,0.0,15438.079735514557
733,15505.559459698214,0.0,15505.559459698214
734,15536.09575046164,0.0,15536.09575046164
735,15267.279122331318,0.0,15267.279122331318
736,15038.076927581798,0.0,15038.076927581798
737,15159.15830859538,0.0,15159.15830859538
738,15355.818842783434,0.0,15355.818842783434
739,15976.489546376246,0.0,15976.489546376246
740,16205.162571770186,0.0,16205.162571770186
741,16119.385850922235,0.0,16119.385850922235
742,15971.42489020272,0.0,15971.42489020272
743,15857.978509411096,0.0,15857.978509411096
744,15596.685313455555,0.0,15596.685313455555
745,15777.107525221243,0.0,15777.107525221243
746,16163.227839299967,0.0,16163.227839299967
747,15858.261359505119,0.0,15858.261359505119
748,15983.605936000731,0.0,15983.605936000731
749,16047.505009169248,0.0,16047.505009169248
750,15951.410468703918,0.0,15951.410468703918
751,15746.178355919095,0.0,15746.178355919095
752,15794.853486932661,0.0,15794.853486932661
753,16017.849072951096,0.0,16017.849072951096
754,16064.151726848153,0.0,16064.151726848153
755,16067.282338954188,0.0,16067.282338954188
756,16199.004870504503,0.0,16199.004870504503
757,16230.467798369516,0.0,16230.467798369516
758,16263.33700557585,0.0,16263.33700557585
759,15356.742456282374,0.0,15356.742456282374
760,15405.08866153045,0.0,15405.08866153045
761,15392.406898064191,0.0,15392.406898064191
762,15538.000101471782,0.0,15538.000101471782
763,15937.863120223574,0.0,15937.863120223574
764,16318.512691437325,0.0,16318.512691437325
765,16330.032124477962,0.0,16330.032124477962
766,16282.122572881495,0.0,16282.122572881495
767,16155.883172717882,0.0,16155.883172717882
768,16123.697517371756,0.0,16123.697517371756
769,16252.901548705031,0.0,16252.901548705031
770,16206.125227732051,0.0,16206.125227732051
771,16169.672322978908,0.0,16169.672322978908
772,16256.454234905023,0.0,16256.454234905023
773,16232.29336488654,0.0,16232.29336488654
774,16210.055242024964,0.0,16210.055242024964
775,16207.24312486133,0.0,16207.24312486133
776,16204.036931776252,0.0,16204.036931776252
777,16036.206224150008,0.0,16036.206224150008
778,15873.681077198351,0.0,15873.681077198351
779,15855.80805808997,0.0,15855.80805808997
780,15978.082408452065,0.0,15978.082408452065
781,16105.587323318992,0.0,16105.587323318992
782,16131.156447701815,0.0,16131.156447701815
783,16153.808471076678,0.0,16153.808471076678
784,16286.185787506172,0.0,16286.185787506172
785,16308.860613844698,0.0,16308.860613844698
786,16583.75262440296,0.0,16583.75262440296
787,16470.233055945562,0.0,16470.233055945562
788,16384.610756327394,0.0,16384.610756327394
789,16288.058837643499,0.0,16288.058837643499
790,16254.659042692776,0.0,16254.659042692776
791,16350.106712378914,0.0,16350.106712378914
792,16277.748392461683,0.0,16277.748392461683
793,15791.603967384954,0.0,15791.603967384954
794,14730.86693707041,0.0,14730.86693707041
795,14336.174454317816,0.0,14336.174454317816
796,14251.317875014834,0.0,14251.317875014834
797,14300.568156544898,0.0,14300.568156544898
798,13619.488823775306,0.0,13619.488823775306
799,11994.726092687524,0.0,11994.726092687524
800,11535.678019417019,0.0,11535.678019417019
801,11678.500591338097,0.0,11678.500591338097
802,11063.1248917996,0.0,11063.1248917996
803,11170.271995575988,0.0,11170.271995575988
804,9803.78437729692,0.0,9803.78437729692
805,10037.714740789068,0.0,10037.714740789068
806,9707.21896651286,0.0,9707.21896651286
807,10494.82788037792,0.0,10494.82788037792
808,10904.875213060164,0.0,10904.875213060164
809,10942.769357373441,0.0,10942.769357373441
810,10527.298770430283,0.0,10527.298770430283
811,10645.822599443642,0.0,10645.822599443642
812,10577.640023178577,0.0,10577.640023178577
813,10120.503122140648,0.0,10120.503122140648
814,9855.225757831155,0.0,9855.225757831155
815,9561.604105689496,0.0,9561.604105689496
816,8691.584937872543,0.0,8691.584937872543
817,8760.384085233067,0.0,8760.384085233067
818,8800.545103205815,0.0,8800.545103205815
819,8973.10117576373,0.0,8973.10117576373
820,8718.688656928549,0.0,8718.688656928549
821,8662.046416619685,0.0,8662.046416619685
822,8654.26655896607,0.0,8654.26655896607
823,8314.204936980876,0.0,8314.204936980876
824,8213.757934684903,0.0,8213.757934684903
825,8275.983907943488,0.0,8275.983907943488
826,8570.167943685263,0.0,8570.167943685263
827,8972.080412472447,0.0,8972.080412472447
828,9599.862006606818,0.0,9599.862006606818
829,10036.827313683827,0.0,10036.827313683827
830,10418.716229860323,0.0,10418.716229860323
831,9853.239396996667,0.0,9853.239396996667
832,10142.389104068023,0.0,10142.389104068023
833,10060.833906553185,0.0,10060.833906553185
834,9604.244627835138,0.0,9604.244627835138
835,9632.179735257147,0.0,9632.179735257147
836,9687.685050154776,0.0,9687.685050154776
837,9420.577916991228,0.0,9420.577916991228
838,9843.929009032927,0.0,9843.929009032927
839,9483.9145963684,0.0,9483.9145963684
840,9532.43318662832,0.0,9532.43318662832
841,9429.275062352684,0.0,9429.275062352684
842,9687.569329485525,0.0,9687.569329485525
843,9710.755294240033,0.0,9710.755294240033
844,9598.299719113886,0.0,9598.299719113886
845,9670.01417125906,0.0,9670.01417125906
846,9828.213471689402,0.0,9828.213471689402
847,10113.02379933712,0.0,10113.02379933712
848,10092.183236790817,0.0,10092.183236790817
849,10095.984307389237,0.0,10095.984307389237
850,9536.09485816552,0.0,9536.09485816552
851,9116.171053364085,0.0,9116.171053364085
852,9109.977600791974,0.0,9109.977600791974
853,8987.430179200008,0.0,8987.430179200008
854,8811.584870722485,0.0,8811.584870722485
855,9117.537843462389,0.0,9117.537843462389
856,9021.943138156617,0.0,9021.943138156617
857,9016.274299090535,0.0,9016.274299090535
858,9039.895265593543,0.0,9039.895265593543
859,9177.805506585122,0.0,9177.805506585122
860,9205.948679345978,0.0,9205.948679345978
861,8815.277326725423,0.0,8815.277326725423
862,8787.277345911436,0.0,8787.277345911436
863,8896.69058100858,0.0,8896.69058100858
864,8838.060984650274,0.0,8838.060984650274
865,8878.712418246161,0.0,8878.712418246161
866,8842.467591443648,0.0,8842.467591443648
867,8835.706196568486,0.0,8835.706196568486
868,8777.660489145832,0.0,8777.660489145832
869,8512.83036656819,0.0,8512.83036656819
870,8438.903431609751,0.0,8438.903431609751
871,8551.927203051839,0.0,8551.927203051839
872,8478.082213105989,0.0,8478.082213105989
873,8536.604241773142,0.0,8536.604241773142
874,8604.73896970861,0.0,8604.73896970861
875,8473.900487042887,0.0,8473.900487042887
876,8453.545769512853,0.0,8453.545769512853
877,8473.954320708304,0.0,8473.954320708304
878,8315.642215374237,0.0,8315.642215374237
879,8281.726492308318,0.0,8281.726492308318
880,8924.07803793185,0.0,8924.07803793185
881,8925.47881495317,0.0,8925.47881495317
882,8974.56295079692,0.0,8974.56295079692
883,8832.347348410656,0.0,8832.347348410656
884,8836.823728327694,0.0,8836.823728327694
885,8787.61692713984,0.0,8787.61692713984
886,8748.760200416273,0.0,8748.760200416273
887,8764.648283132894,0.0,8764.648283132894
888,8786.382843385381,0.0,8786.382843385381
889,8905.990856992077,0.0,8905.990856992077
890,9479.503153894053,0.0,9479.503153894053
891,9515.444023038515,0.0,9515.444023038515
892,9658.974775254883,0.0,9658.974775254883
893,9554.699278999447,0.0,9554.699278999447
894,9647.100258662038,0.0,9647.100258662038
895,10022.830030557123,0.0,10022.830030557123
896,9121.013315661578,0.0,9121.013315661578
897,9305.28441627733,0.0,9305.28441627733
898,9252.706715858103,0.0,9252.706715858103
899,9249.808443710497,0.0,9249.808443710497
900,9279.993664149279,0.0,9279.993664149279
901,9239.542428344888,0.0,9239.542428344888
902,9225.539942085477,0.0,9225.539942085477
903,9180.163952513696,0.0,9180.163952513696
904,8976.613246566689,0.0,8976.613246566689
905,9312.75738330124,0.0,9312.75738330124
906,9320.87755664917,0.0,9320.87755664917
907,9343.677240794708,0.0,9343.677240794708
908,9315.585743604765,0.0,9315.585743604765
909,9491.484892372824,0.0,9491.484892372824
910,9436.099571366894,0.0,9436.099571366894
911,9322.282651060365,0.0,9322.282651060365
912,9348.428660569385,0.0,9348.428660569385
913,9311.558485957634,0.0,9311.558485957634
914,9326.47933723527,0.0,9326.47933723527
915,9447.311822612945,0.0,9447.311822612945
916,9636.042635987187,0.0,9636.042635987187
917,9584.912732484016,0.0,9584.912732484016
918,9592.525542666968,0.0,9592.525542666968
919,9665.629473522073,0.0,9665.629473522073
920,9729.465015237352,0.0,9729.465015237352
921,9575.954198473804,0.0,9575.954198473804
922,9591.037605420144,0.0,9591.037605420144
923,9619.651399654222,0.0,9619.651399654222
924,9575.99587234445,0.0,9575.99587234445
925,9433.41304787235,0.0,9433.41304787235
926,9460.018673943268,0.0,9460.018673943268
927,9698.839747684804,0.0,9698.839747684804
928,9670.099155194786,0.0,9670.099155194786
929,9855.350762490689,0.0,9855.350762490689
930,9853.119120639893,0.0,9853.119120639893
931,9853.100402537777,0.0,9853.100402537777
932,9942.989507848994,0.0,9942.989507848994
933,11690.74179442886,0.0,11690.74179442886
934,11879.161169118513,0.0,11879.161169118513
935,11770.208100604526,0.0,11770.208100604526
936,12061.172439181299,0.0,12061.172439181299
937,12127.959517049165,0.0,12127.959517049165
938,12464.005985353187,0.0,12464.005985353187
939,12663.156052188853,0.0,12663.156052188853
940,12449.869463323135,0.0,12449.869463323135
941,12785.089417549343,0.0,12785.089417549343
942,12131.231985476405,0.0,12131.231985476405
943,12231.616054070677,0.0,12231.616054070677
944,12220.036695732912,0.0,12220.036695732912
945,12439.240057149906,0.0,12439.240057149906
946,12167.84768384346,0.0,12167.84768384346
947,12561.330206690383,0.0,12561.330206690383
948,12630.096857135517,0.0,12630.096857135517
949,12774.43819437582,0.0,12774.43819437582
950,12779.34293718987,0.0,12779.34293718987
951,12867.72863962924,0.0,12867.72863962924
952,12809.115585217849,0.0,12809.115585217849
953,13051.133414828944,0.0,13051.133414828944
954,13405.34513729523,0.0,13405.34513729523
955,13213.047777995918,0.0,13213.047777995918
956,12643.328246255925,0.0,12643.328246255925
957,12887.774438552873,0.0,12887.774438552873
958,12866.047162372592,0.0,12866.047162372592
959,12926.033354295072,0.0,12926.033354295072
960,12835.588123642958,0.0,12835.588123642958
961,12867.548262432729,0.0,12867.548262432729
962,13017.242110741792,0.0,13017.242110741792
963,13182.797871680239,0.0,13182.797871680239
964,13845.561348021038,0.0,13845.561348021038
965,14136.632884349381,0.0,14136.632884349381
966,14020.898899802974,0.0,14020.898899802974
967,13954.479363242486,0.0,13954.479363242486
968,14141.695296072125,0.0,14141.695296072125
969,14599.158690495537,0.0,14599.158690495537
970,15131.72970150636,0.0,15131.72970150636
971,15642.747384972587,0.0,15642.747384972587
972,17877.120532985526,0.0,17877.120532985526
973,17236.659574658082,0.0,17236.659574658082
974,19345.124219787656,0.0,19345.124219787656
975,19794.888371212535,0.0,19794.888371212535
976,20354.294203353056,0.0,20354.294203353056
977,19590.95430108792,0.0,19590.95430108792
978,18319.044149662863,0.0,18319.044149662863
979,18104.324194364985,0.0,18104.324194364985
980,20450.11286777872,0.0,20450.11286777872
981,20016.182512081614,0.0,20016.182512081614
982,19911.70587295192,0.0,19911.70587295192
983,19123.848074674566,0.0,19123.848074674566
984,19792.409548180683,0.0,19792.409548180683
985,20133.704776090803,0.0,20133.704776090803
986,20338.105588604747,0.0,20338.105588604747
987,22070.14854061642,0.0,22070.14854061642
988,22170.84641451577,0.0,22170.84641451577
989,22080.346686809302,0.0,22080.346686809302
990,21974.57056734814,0.0,21974.57056734814
991,21018.09446706645,0.0,21018.09446706645
992,21766.878127397136,0.0,21766.878127397136
993,21806.13888753094,0.0,21806.13888753094
994,22313.31476348694,0.0,22313.31476348694
995,20805.907138848055,0.0,20805.907138848055
996,19656.902530436313,0.0,19656.902530436313
997,19965.823316099842,0.0,19965.823316099842
998,20039.583761029957,0.0,20039.583761029957
999,20572.963805432515,0.0,20572.963805432515
1000,20430.937684104712,0.0,20430.937684104712
1001,19709.669481278692,0.0,19709.669481278692
1002,20717.10119885152,0.0,20717.10119885152
1003,20484.231295453737,0.0,20484.231295453737
1004,21178.720779688105,0.0,21178.720779688105
1005,21381.206661652952,0.0,21381.206661652952
1006,22601.775180283723,0.0,22601.775180283723
1007,23071.553786946504,0.0,23071.553786946504
1008,23421.621537430037,0.0,23421.621537430037
1009,24371.044120177627,0.0,24371.044120177627
1010,23756.248355303174,0.0,23756.248355303174
1011,24334.741149612917,0.0,24334.741149612917
1012,25030.955327534633,0.0,25030.955327534633
1013,26855.046708363447,0.0,26855.046708363447
1014,28109.79739731884,0.0,28109.79739731884
1015,28544.07730163725,0.0,28544.07730163725
1016,29127.475406708338,0.0,29127.475406708338
1017,31159.194555296577,0.0,31159.194555296577
1018,34298.70110391273,0.0,34298.70110391273
1019,29566.367991550782,0.0,29566.367991550782
1020,32916.44114674364,0.0,32916.44114674364
1021,31680.465328292863,0.0,31680.465328292863
1022,28656.648338919116,0.0,28656.648338919116
1023,28283.70579519537,0.0,28283.70579519537
1024,28938.77000928776,0.0,28938.77000928776
1025,32155.89615018845,0.0,32155.89615018845
1026,29995.920339148866,0.0,29995.920339148866
1027,29494.718847394663,0.0,29494.718847394663
1028,30295.087001590397,0.0,30295.087001590397
1029,31008.67557964864,0.0,31008.67557964864
1030,33325.83622168678,0.0,33325.83622168678
1031,34122.93667387196,0.0,34122.93667387196
1032,32857.29185532298,0.0,32857.29185532298
1033,30879.17688717795,0.0,30879.17688717795
1034,32163.268711741042,0.0,32163.268711741042
1035,31083.90814513657,0.0,31083.90814513657
1036,27849.00013551618,0.0,27849.00013551618
1037,29780.52260544141,0.0,29780.52260544141
1038,25785.503107876168,0.0,25785.503107876168
1039,26590.54866959259,0.0,26590.54866959259
1040,29291.76553904832,0.0,29291.76553904832
1041,29062.321359475587,0.0,29062.321359475587
1042,29750.29518335353,0.0,29750.29518335353
1043,29314.21634446968,0.0,29314.21634446968
1044,28636.27887822765,0.0,28636.27887822765
1045,27357.66045429599,0.0,27357.66045429599
1046,27205.24869438682,0.0,27205.24869438682
1047,27537.198940714115,0.0,27537.198940714115
1048,27512.174791956815,0.0,27512.174791956815
1049,26509.062997799247,0.0,26509.062997799247
1050,26712.20539017674,0.0,26712.20539017674
1051,26681.008300255213,0.0,26681.008300255213
1052,26975.89170434289,0.0,26975.89170434289
1053,28421.496681184923,0.0,28421.496681184923
1054,29384.484535464428,0.0,29384.484535464428
1055,29785.051309635604,0.0,29785.051309635604
1056,30646.76677288886,0.0,30646.76677288886
1057,31172.55364385494,0.0,31172.55364385494
1058,33526.61374658676,0.0,33526.61374658676
1059,32668.105225810803,0.0,32668.105225810803
1060,34139.62684022633,0.0,34139.62684022633
1061,34303.19027653445,0.0,34303.19027653445
1062,33962.19842958961,0.0,33962.19842958961
1063,32372.30025231508,0.0,32372.30025231508
1064,33242.44918288441,0.0,33242.44918288441
1065,32780.70164901143,0.0,32780.70164901143
1066,31315.044834300417,0.0,31315.044834300417
1067,28941.38793201382,0.0,28941.38793201382
1068,29816.413256060277,0.0,29816.413256060277
1069,30035.273572759113,0.0,30035.273572759113
1070,29665.446384472478,0.0,29665.446384472478
1071,30018.728347175635,0.0,30018.728347175635
1072,31815.881690683167,0.0,31815.881690683167
1073,31415.130340666616,0.0,31415.130340666616
1074,29625.34464879719,0.0,29625.34464879719
1075,29616.998038420854,0.0,29616.998038420854
1076,30530.75963818799,0.0,30530.75963818799
1077,29815.22305349438,0.0,29815.22305349438
1078,29844.641456293928,0.0,29844.641456293928
1079,30562.918444265142,0.0,30562.918444265142
1080,30061.250177027698,0.0,30061.250177027698
1081,28772.21165392017,0.0,28772.21165392017
1082,28130.895689541972,0.0,28130.895689541972
1083,28458.279638597804,0.0,28458.279638597804
1084,28574.499148766907,0.0,28574.499148766907
1085,29124.128604135953,0.0,29124.128604135953
1086,31015.068361438392,0.0,31015.068361438392
1087,31769.009967920414,0.0,31769.009967920414
1088,31711.928376681564,0.0,31711.928376681564
1089,31748.200745373717,0.0,31748.200745373717
1090,31021.7281035475,0.0,31021.7281035475
1091,31587.121508476823,0.0,31587.121508476823
1092,31399.50543840649,0.0,31399.50543840649
1093,31174.83448334063,0.0,31174.83448334063
1094,30585.117222253968,0.0,30585.117222253968
1095,30815.75269601956,0.0,30815.75269601956
1096,31659.163589561904,0.0,31659.163589561904
1097,31536.892349517973,0.0,31536.892349517973
1098,31579.461136325015,0.0,31579.461136325015
1099,31444.8726891398,0.0,31444.8726891398
1100,31359.216045194185,0.0,31359.216045194185
1101,31181.63363385843,0.0,31181.63363385843
1102,31136.249597630173,0.0,31136.249597630173
1103,31552.17801074886,0.0,31552.17801074886
1104,31293.37350224765,0.0,31293.37350224765
1105,30748.252426030416,0.0,30748.252426030416
1106,30967.12940390716,0.0,30967.12940390716
1107,29933.40146682068,0.0,29933.40146682068
1108,26485.886535060385,0.0,26485.886535060385
1109,26149.201438261043,0.0,26149.201438261043
1110,25017.6451127672,0.0,25017.6451127672
1111,25483.54517053181,0.0,25483.54517053181
1112,25614.78953351196,0.0,25614.78953351196
1113,25127.587289212155,0.0,25127.587289212155
1114,25947.85117142236,0.0,25947.85117142236
1115,26034.905052435533,0.0,26034.905052435533
1116,26256.974344842292,0.0,26256.974344842292
1117,25837.397908068193,0.0,25837.397908068193
1118,25620.435444703806,0.0,25620.435444703806
1119,25633.813816465725,0.0,25633.813816465725
1120,24794.966765235633,0.0,24794.966765235633
1121,25908.631954692522,0.0,25908.631954692522
1122,25873.670905831863,0.0,25873.670905831863
1123,27164.127290554745,0.0,27164.127290554745
1124,27198.620499843037,0.0,27198.620499843037
1125,26233.563504838432,0.0,26233.563504838432
1126,26393.74977495499,0.0,26393.74977495499
1127,26357.13362160214,0.0,26357.13362160214
1128,26613.70419968263,0.0,26613.70419968263
1129,26038.25223264904,0.0,26038.25223264904
1130,25561.77140234756,0.0,25561.77140234756
1131,25817.70556267053,0.0,25817.70556267053
1132,25452.260129585364,0.0,25452.260129585364
1133,25491.951613827627,0.0,25491.951613827627
1134,26391.22884251134,0.0,26391.22884251134
1135,26383.660667165284,0.0,26383.660667165284
1136,25788.20171678897,0.0,25788.20171678897
1137,24026.99296141687,0.0,24026.99296141687
1138,23917.689991543728,0.0,23917.689991543728
1139,27919.560224256362,0.0,27919.560224256362
1140,29871.80635083701,0.0,29871.80635083701
1141,30860.18081912773,0.0,30860.18081912773
1142,29832.666601061563,0.0,29832.666601061563
1143,30573.711631452778,0.0,30573.711631452778
1144,29749.23726184995,0.0,29749.23726184995
1145,29741.858451322434,0.0,29741.858451322434
1146,30131.292343772122,0.0,30131.292343772122
1147,30334.41341900971,0.0,30334.41341900971
1148,30070.49670714771,0.0,30070.49670714771
1149,30803.26337240624,0.0,30803.26337240624
1150,30497.636438764257,0.0,30497.636438764257
1151,30651.103247638708,0.0,30651.103247638708
1152,30238.66515622415,0.0,30238.66515622415
1153,28845.368605677682,0.0,28845.368605677682
1154,29028.729587705144,0.0,29028.729587705144
1155,29822.90781007224,0.0,29822.90781007224
1156,28811.203590845114,0.0,28811.203590845114
1157,29128.13845616134,0.0,29128.13845616134
1158,29044.726307003537,0.0,29044.726307003537
1159,28652.73744343607,0.0,28652.73744343607
1160,28111.1910002291,0.0,28111.1910002291
1161,28231.19491114434,0.0,28231.19491114434
1162,28339.581474098326,0.0,28339.581474098326
1163,27282.594668594844,0.0,27282.594668594844
1164,27130.832720160557,0.0,27130.832720160557
1165,27039.23907718072,0.0,27039.23907718072
1166,25516.74820659238,0.0,25516.74820659238
1167,24433.782612225416,0.0,24433.782612225416
1168,24581.875260763136,0.0,24581.875260763136
1169,23214.357965314455,0.0,23214.357965314455
1170,23976.706105356305,0.0,23976.706105356305
1171,24108.555725859445,0.0,24108.555725859445
1172,25341.74690709542,0.0,25341.74690709542
1173,25053.650956377216,0.0,25053.650956377216
1174,26179.006897618023,0.0,26179.006897618023
1175,25539.0188658474,0.0,25539.0188658474
1176,25039.97592940581,0.0,25039.97592940581
1177,24748.019440007618,0.0,24748.019440007618
1178,24726.542498971652,0.0,24726.542498971652
1179,24395.869699612373,0.0,24395.869699612373
1180,25103.976876196957,0.0,25103.976876196957
1181,25640.876411123238,0.0,25640.876411123238
1182,25522.02406862481,0.0,25522.02406862481
1183,25605.708968467276,0.0,25605.708968467276
1184,24996.636057593067,0.0,24996.636057593067
1185,24621.15168252559,0.0,24621.15168252559
1186,24578.893464181452,0.0,24578.893464181452
1187,24554.423300184364,0.0,24554.423300184364
1188,24795.35715289574,0.0,24795.35715289574
1189,24185.282508498585,0.0,24185.282508498585
1190,24352.463589767372,0.0,24352.463589767372
1191,23584.559571692782,0.0,23584.559571692782
1192,22687.39175518961,0.0,22687.39175518961
1193,25007.068544424932,0.0,25007.068544424932
1194,24570.259354766764,0.0,24570.259354766764
1195,24725.01911652073,0.0,24725.01911652073
1196,24583.699051731965,0.0,24583.699051731965
1197,25881.922587726836,0.0,25881.922587726836
1198,25243.697498583857,0.0,25243.697498583857
1199,25020.061899586413,0.0,25020.061899586413
1200,24847.507212805773,0.0,24847.507212805773
1201,24879.96142014599,0.0,24879.96142014599
1202,25068.143204984903,0.0,25068.143204984903
1203,25287.120397001632,0.0,25287.120397001632
1204,25599.952827344016,0.0,25599.952827344016
1205,25047.90644131237,0.0,25047.90644131237
1206,24890.527430364134,0.0,24890.527430364134
1207,24936.239619726726,0.0,24936.239619726726
1208,24151.705290399623,0.0,24151.705290399623
1209,25498.044126105546,0.0,25498.044126105546
1210,25595.307464114616,0.0,25595.307464114616
1211,25630.667437894783,0.0,25630.667437894783
1212,27075.799717129,0.0,27075.799717129
1213,28523.09052346129,0.0,28523.09052346129
1214,28131.306387175027,0.0,28131.306387175027
1215,27379.346277619985,0.0,27379.346277619985
1216,28699.81079999,0.0,28699.81079999
1217,28165.700361520252,0.0,28165.700361520252
1218,28743.780846332043,0.0,28743.780846332043
1219,28539.89489824876,0.0,28539.89489824876
1220,31151.661940560058,0.0,31151.661940560058
1221,31088.87832389577,0.0,31088.87832389577
1222,30809.76068803293,0.0,30809.76068803293
1223,31487.25510250758,0.0,31487.25510250758
1224,31558.39135110073,0.0,31558.39135110073
1225,30865.30568049132,0.0,30865.30568049132
1226,30630.5306508414,0.0,30630.5306508414
1227,31011.144152396635,0.0,31011.144152396635
1228,30826.806081448947,0.0,30826.806081448947
1229,29906.313178510543,0.0,29906.313178510543
1230,30072.237674845812,0.0,30072.237674845812
1231,29749.527895099,0.0,29749.527895099
1232,30724.70619194387,0.0,30724.70619194387
1233,31866.20808638641,0.0,31866.20808638641
1234,33644.45749785483,0.0,33644.45749785483
1235,33296.89836813,0.0,33296.89836813
1236,34139.0039601948,0.0,34139.0039601948
1237,33583.272234082375,0.0,33583.272234082375
1238,33787.29279696102,0.0,33787.29279696102
1239,33616.827662295036,0.0,33616.827662295036
1240,33118.48945572076,0.0,33118.48945572076
1241,33161.56832325413,0.0,33161.56832325413
1242,34849.30159563814,0.0,34849.30159563814
1243,35414.61087130718,0.0,35414.61087130718
1244,35653.56527332123,0.0,35653.56527332123
1245,36066.24815123595,0.0,36066.24815123595
1246,37044.47992330753,0.0,37044.47992330753
1247,35980.22790634951,0.0,35980.22790634951
1248,37574.022721519046,0.0,37574.022721519046
1249,37908.808791274554,0.0,37908.808791274554
1250,37557.40409112927,0.0,37557.40409112927
1251,38077.276555451244,0.0,38077.276555451244
1252,36429.72973631249,0.0,36429.72973631249
1253,36603.45961215754,0.0,36603.45961215754
1254,35794.609025450874,0.0,35794.609025450874
1255,37608.99868737382,0.0,37608.99868737382
1256,35513.67223861818,0.0,35513.67223861818
1257,35557.56128127009,0.0,35557.56128127009
1258,35924.07966086359,0.0,35924.07966086359
1259,35878.558116766944,0.0,35878.558116766944
1260,37097.59893194103,0.0,37097.59893194103
1261,35942.437453048995,0.0,35942.437453048995
1262,34670.320139009855,0.0,34670.320139009855
1263,32766.0138338844,0.0,32766.0138338844
1264,32881.017387465916,0.0,32881.017387465916
1265,32582.42505088268,0.0,32582.42505088268
1266,31959.07990611484,0.0,31959.07990611484
1267,33421.151013822935,0.0,33421.151013822935
1268,33468.363632967055,0.0,33468.363632967055
1269,32916.29434986134,0.0,32916.29434986134
1270,32975.06950322097,0.0,32975.06950322097
1271,34175.92313852422,0.0,34175.92313852422
1272,34558.053491777806,0.0,34558.053491777806
1273,33636.55489375491,0.0,33636.55489375491
1274,30432.1997557996,0.0,30432.1997557996
1275,30056.87916276728,0.0,30056.87916276728
1276,29917.972679008642,0.0,29917.972679008642
1277,30147.72338042705,0.0,30147.72338042705
1278,18367.465048400245,0.0,18367.465048400245
1279,21307.101843233777,0.0,21307.101843233777
1280,19632.50074247898,0.0,19632.50074247898
1281,20310.946312340875,0.0,20310.946312340875
1282,19078.10986690954,0.0,19078.10986690954
1283,20318.74288163885,0.0,20318.74288163885
1284,20508.06661832202,0.0,20508.06661832202
1285,23473.000655818414,0.0,23473.000655818414
1286,23602.96137771393,0.0,23602.96137771393
1287,23476.53564596941,0.0,23476.53564596941
1288,22099.80287022824,0.0,22099.80287022824
1289,24686.320367423155,0.0,24686.320367423155
1290,25718.23230366064,0.0,25718.23230366064
1291,25473.68104053362,0.0,25473.68104053362
1292,25736.170328100176,0.0,25736.170328100176
1293,24258.00954686033,0.0,24258.00954686033
1294,23863.957838880357,0.0,23863.957838880357
1295,22442.362352856166,0.0,22442.362352856166
1296,24435.91973277131,0.0,24435.91973277131
1297,24539.235333113844,0.0,24539.235333113844
1298,25414.190633237005,0.0,25414.190633237005
1299,26031.12697006541,0.0,26031.12697006541
1300,25794.809508735623,0.0,25794.809508735623
1301,26314.09969111201,0.0,26314.09969111201
1302,25976.752165777158,0.0,25976.752165777158
1303,28159.933068886192,0.0,28159.933068886192
1304,27660.218252069575,0.0,27660.218252069575
1305,28302.737651041323,0.0,28302.737651041323
1306,28057.836754403015,0.0,28057.836754403015
1307,26461.8069701827,0.0,26461.8069701827
1308,26560.628203281984,0.0,26560.628203281984
1309,26674.54515485082,0.0,26674.54515485082
1310,26480.83343445309,0.0,26480.83343445309
1311,26556.245125642206,0.0,26556.245125642206
1312,25618.858792564126,0.0,25618.858792564126
1313,27525.15370457036,0.0,27525.15370457036
1314,27249.020390417212,0.0,27249.020390417212
1315,28143.160914404532,0.0,28143.160914404532
1316,27669.29063999689,0.0,27669.29063999689
1317,26571.62451121189,0.0,26571.62451121189
1318,26644.105996366874,0.0,26644.105996366874
1319,27751.800629902024,0.0,27751.800629902024
1320,29130.999294411446,0.0,29130.999294411446
1321,29272.18969170528,0.0,29272.18969170528
1322,29460.12642455049,0.0,29460.12642455049
1323,30071.76222279288,0.0,30071.76222279288
1324,30468.411752466203,0.0,30468.411752466203
1325,30408.415937391186,0.0,30408.415937391186
1326,34407.35430223103,0.0,34407.35430223103
1327,33866.710738561385,0.0,33866.710738561385
1328,34685.36740813859,0.0,34685.36740813859
1329,35320.68153333982,0.0,35320.68153333982
1330,35092.77621117253,0.0,35092.77621117253
1331,35070.80377929274,0.0,35070.80377929274
1332,35695.59036743254,0.0,35695.59036743254
1333,36302.072341231855,0.0,36302.072341231855
1334,39647.531551934306,0.0,39647.531551934306
1335,38995.86457870968,0.0,38995.86457870968
1336,37892.582021884555,0.0,37892.582021884555
1337,34868.26151621221,0.0,34868.26151621221
1338,34365.18723209425,0.0,34365.18723209425
1339,35198.81841154405,0.0,35198.81841154405
1340,37218.69263580098,0.0,37218.69263580098
1341,39199.71844559654,0.0,39199.71844559654
1342,37312.75233149581,0.0,37312.75233149581
1343,37710.25076951674,0.0,37710.25076951674
1344,38910.981302532324,0.0,38910.981302532324
1345,39178.20149396506,0.0,39178.20149396506
1346,39514.43371100039,0.0,39514.43371100039
1347,38456.92108476951,0.0,38456.92108476951
1348,36681.54734171175,0.0,36681.54734171175
1349,37179.338222713326,0.0,37179.338222713326
1350,37273.65517154105,0.0,37273.65517154105
1351,35505.69040592215,0.0,35505.69040592215
1352,36252.310586853615,0.0,36252.310586853615
1353,36070.57103737081,0.0,36070.57103737081
1354,37568.73627844216,0.0,37568.73627844216
1355,39150.1807127777,0.0,39150.1807127777
1356,38599.45771155405,0.0,38599.45771155405
1357,39771.81257568871,0.0,39771.81257568871
1358,38823.680555839914,0.0,38823.680555839914
1359,41973.396364908585,0.0,41973.396364908585
1360,39251.04763087285,0.0,39251.04763087285
1361,39854.77467994303,0.0,39854.77467994303
1362,40491.21025596911,0.0,40491.21025596911
1363,39848.59296782388,0.0,39848.59296782388
1364,40099.09288108323,0.0,40099.09288108323
1365,40512.189497884996,0.0,40512.189497884996
1366,40696.655520349654,0.0,40696.655520349654
1367,40732.43978239573,0.0,40732.43978239573
1368,41283.07045383248,0.0,41283.07045383248
1369,38818.756674538796,0.0,38818.756674538796
1370,39606.66160268647,0.0,39606.66160268647
1371,39698.19721282312,0.0,39698.19721282312
1372,39160.709492510905,0.0,39160.709492510905
1373,39626.46812832565,0.0,39626.46812832565
1374,40107.86301292178,0.0,40107.86301292178
1375,39870.052286211736,0.0,39870.052286211736
1376,39611.08952188897,0.0,39611.08952188897
1377,39331.73396376007,0.0,39331.73396376007
1378,39634.535439796025,0.0,39634.535439796025
1379,39389.39757480834,0.0,39389.39757480834
1380,41176.11982911137,0.0,41176.11982911137
1381,40941.99198798465,0.0,40941.99198798465
1382,39535.735902020024,0.0,39535.735902020024
1383,39417.56306821247,0.0,39417.56306821247
1384,39110.90211935456,0.0,39110.90211935456
1385,38525.5050534602,0.0,38525.5050534602
1386,39112.83247686518,0.0,39112.83247686518
1387,39417.54774230569,0.0,39417.54774230569
1388,39260.30854226803,0.0,39260.30854226803
1389,39755.884497662155,0.0,39755.884497662155
1390,39172.657036597746,0.0,39172.657036597746
1391,39157.79853061449,0.0,39157.79853061449
1392,39471.6761301501,0.0,39471.6761301501
1393,39352.68618586092,0.0,39352.68618586092
1394,40533.24794590033,0.0,40533.24794590033
1395,40192.2741168099,0.0,40192.2741168099
1396,41054.99368511001,0.0,41054.99368511001
1397,40233.743747715176,0.0,40233.743747715176
1398,40505.91937368042,0.0,40505.91937368042
1399,40348.638078262265,0.0,40348.638078262265
1400,40669.18133990314,0.0,40669.18133990314
1401,40473.69454151116,0.0,40473.69454151116
1402,40602.26458288075,0.0,40602.26458288075
1403,40391.15970716195,0.0,40391.15970716195
1404,40146.344491793345,0.0,40146.344491793345
1405,40302.538272331,0.0,40302.538272331
1406,40430.868889704645,0.0,40430.868889704645
1407,40662.739920599946,0.0,40662.739920599946
1408,40494.428664798375,0.0,40494.428664798375
1409,41564.92167480033,0.0,41564.92167480033
1410,42267.89466398344,0.0,42267.89466398344
1411,42670.29434457392,0.0,42670.29434457392
1412,42457.0355592366,0.0,42457.0355592366
1413,43221.25731161352,0.0,43221.25731161352
1414,44316.874221523605,0.0,44316.874221523605
1415,49316.322670870635,0.0,49316.322670870635
1416,48908.59410420012,0.0,48908.59410420012
1417,49740.17723521359,0.0,49740.17723521359
1418,49881.428960346035,0.0,49881.428960346035
1419,50953.15565708236,0.0,50953.15565708236
1420,53197.36563770157,0.0,53197.36563770157
1421,49926.25256357696,0.0,49926.25256357696
1422,50755.38430979534,0.0,50755.38430979534
1423,50625.99685340669,0.0,50625.99685340669
1424,53224.18369467193,0.0,53224.18369467193
1425,53419.972562939256,0.0,53419.972562939256
1426,52754.03822809482,0.0,52754.03822809482
1427,53565.95240062622,0.0,53565.95240062622
1428,53276.977553646575,0.0,53276.977553646575
1429,54323.411962040416,0.0,54323.411962040416
1430,52127.25447346532,0.0,52127.25447346532
1431,53047.72838439895,0.0,53047.72838439895
1432,54039.82092705255,0.0,54039.82092705255
1433,54116.756893340025,0.0,54116.756893340025
1434,54653.76441050932,0.0,54653.76441050932
1435,54927.082944954804,0.0,54927.082944954804
1436,56748.97369100197,0.0,56748.97369100197
1437,55311.69070970309,0.0,55311.69070970309
1438,54294.63717779165,0.0,54294.63717779165
1439,54966.92347418465,0.0,54966.92347418465
1440,53453.23326355588,0.0,53453.23326355588
1441,54262.63609726358,0.0,54262.63609726358
1442,54211.61449829974,0.0,54211.61449829974
1443,54781.26438990947,0.0,54781.26438990947
1444,52882.41272307413,0.0,52882.41272307413
1445,53578.863523194064,0.0,53578.863523194064
1446,52889.96284313205,0.0,52889.96284313205
1447,54040.24568654206,0.0,54040.24568654206
1448,53880.865975334906,0.0,53880.865975334906
1449,54998.875359511825,0.0,54998.875359511825
1450,54839.14343972874,0.0,54839.14343972874
1451,56130.71211323532,0.0,56130.71211323532
1452,53710.135040894274,0.0,53710.135040894274
1453,48085.43380753023,0.0,48085.43380753023
1454,49479.53052623251,0.0,49479.53052623251
1455,48067.97792937195,0.0,48067.97792937195
1456,48590.68604255277,0.0,48590.68604255277
1457,49177.85915312888,0.0,49177.85915312888
1458,48082.745355238694,0.0,48082.745355238694
1459,48633.2471942013,0.0,48633.2471942013
1460,49277.58037355064,0.0,49277.58037355064
1461,49561.42284844271,0.0,49561.42284844271
1462,49879.90780939056,0.0,49879.90780939056
1463,49402.71230161453,0.0,49402.71230161453
1464,51125.862956266465,0.0,51125.862956266465
1465,51719.74591280418,0.0,51719.74591280418
1466,52571.48609166169,0.0,52571.48609166169
1467,52624.4474094828,0.0,52624.4474094828
1468,52658.352063078964,0.0,52658.352063078964
1469,53468.18441609448,0.0,53468.18441609448
1470,52772.75560402217,0.0,52772.75560402217
1471,50464.30516585676,0.0,50464.30516585676
1472,51036.4647130993,0.0,51036.4647130993
1473,49675.12146092037,0.0,49675.12146092037
1474,52170.293959588635,0.0,52170.293959588635
1475,52034.84065103879,0.0,52034.84065103879
1476,52296.9833738234,0.0,52296.9833738234
1477,52582.91606043439,0.0,52582.91606043439
1478,52266.24247116578,0.0,52266.24247116578
1479,53074.643329045044,0.0,53074.643329045044
1480,52845.31385374794,0.0,52845.31385374794
1481,52154.39843410371,0.0,52154.39843410371
1482,52002.86040500569,0.0,52002.86040500569
1483,51953.591668217145,0.0,51953.591668217145
1484,52632.031559731215,0.0,52632.031559731215
1485,53284.327054066496,0.0,53284.327054066496
1486,52449.4235082286,0.0,52449.4235082286
1487,52839.07294267733,0.0,52839.07294267733
1488,54176.87921558711,0.0,54176.87921558711
1489,54950.23322926649,0.0,54950.23322926649
1490,56231.95551346327,0.0,56231.95551346327
1491,56689.536579385815,0.0,56689.536579385815
1492,57573.54262628929,0.0,57573.54262628929
1493,57101.537907698104,0.0,57101.537907698104
1494,57182.31328722635,0.0,57182.31328722635
1495,57606.69286953905,0.0,57606.69286953905
1496,56791.14651903778,0.0,56791.14651903778
1497,57070.981679403216,0.0,57070.981679403216
1498,57844.29012221958,0.0,57844.29012221958
1499,59144.61110527399,0.0,59144.61110527399
1500,60041.44448589652,0.0,60041.44448589652
1501,64683.5138332448,0.0,64683.5138332448
1502,65557.09638790778,0.0,65557.09638790778
1503,65432.53802303203,0.0,65432.53802303203
1504,66422.39044301774,0.0,66422.39044301774
1505,66017.68743071356,0.0,66017.68743071356
1506,66274.2770826248,0.0,66274.2770826248
1507,69271.53788231051,0.0,69271.53788231051
1508,67482.09816086639,0.0,67482.09816086639
1509,68418.6353827416,0.0,68418.6353827416
1510,69023.85119783881,0.0,69023.85119783881
1511,70356.29750870704,0.0,70356.29750870704
1512,70159.46075412665,0.0,70159.46075412665
1513,69287.69342700295,0.0,69287.69342700295
1514,71643.11946703038,0.0,71643.11946703038
1515,72385.62868486096,0.0,72385.62868486096
1516,79801.90816341202,0.0,79801.90816341202
1517,79866.85857507218,0.0,79866.85857507218
1518,76053.61042101293,0.0,76053.61042101293
1519,79451.23704295442,0.0,79451.23704295442
1520,78691.81635334529,0.0,78691.81635334529
1521,78700.79659888036,0.0,78700.79659888036
1522,80804.17318280383,0.0,80804.17318280383
1523,83904.57663107051,0.0,83904.57663107051
1524,84179.34835223875,0.0,84179.34835223875
1525,82979.17013819193,0.0,82979.17013819193
1526,82407.4066551028,0.0,82407.4066551028
1527,86396.28837427718,0.0,86396.28837427718
1528,91369.4298839776,0.0,91369.4298839776
1529,92031.69042245802,0.0,92031.69042245802
1530,92174.59073956558,0.0,92174.59073956558
1531,96709.7530029579,0.0,96709.7530029579
1532,96873.82691660384,0.0,96873.82691660384
1533,95534.91321799293,0.0,95534.91321799293
1534,95470.17150391005,0.0,95470.17150391005
1535,99511.14048275072,0.0,99511.14048275072
1536,97358.98118576512,0.0,97358.98118576512
1537,89158.59948897587,0.0,89158.59948897587
1538,89183.21938070001,0.0,89183.21938070001
1539,92328.68259546717,0.0,92328.68259546717
1540,94787.29880904956,0.0,94787.29880904956
1541,102811.50948253843,0.0,102811.50948253843
1542,98117.95775260474,0.0,98117.95775260474
1543,100438.08629485598,0.0,100438.08629485598
1544,101727.92396654995,0.0,101727.92396654995
1545,97721.97111474026,0.0,97721.97111474026
1546,100365.23762701769,0.0,100365.23762701769
1547,101633.32003610754,0.0,101633.32003610754
1548,100701.62331413467,0.0,100701.62331413467
1549,96268.79570966953,0.0,96268.79570966953
1550,97511.56659574676,0.0,97511.56659574676
1551,95907.59295205769,0.0,95907.59295205769
1552,94777.90985957773,0.0,94777.90985957773
1553,98918.88294902635,0.0,98918.88294902635
1554,100922.95206974432,0.0,100922.95206974432
1555,101614.00132274054,0.0,101614.00132274054
1556,102542.40284945015,0.0,102542.40284945015
1557,112881.56939827463,0.0,112881.56939827463
1558,120722.597428402,0.0,120722.597428402
1559,122400.11600064866,0.0,122400.11600064866
1560,126275.83250090531,0.0,126275.83250090531
1561,124268.95736395616,0.0,124268.95736395616
1562,120394.12671486527,0.0,120394.12671486527
1563,126186.45206538662,0.0,126186.45206538662
1564,123224.87385028169,0.0,123224.87385028169
1565,125747.09247646088,0.0,125747.09247646088
1566,131004.25191902659,0.0,131004.25191902659
1567,140353.31786219336,0.0,140353.31786219336
1568,139363.6001668516,0.0,139363.6001668516
1569,143615.83495468806,0.0,143615.83495468806
1570,145472.591679285,0.0,145472.591679285
1571,153391.2068001284,0.0,153391.2068001284
1572,154106.41978196736,0.0,154106.41978196736
1573,156338.3810586725,0.0,156338.3810586725
1574,171287.7767056063,0.0,171287.7767056063
1575,175611.33090897405,0.0,175611.33090897405
1576,170507.5267357193,0.0,170507.5267357193
1577,181255.81251647274,0.0,181255.81251647274
1578,196273.73016008016,0.0,196273.73016008016
1579,210288.9341379328,0.0,210288.9341379328
1580,216626.00219262656,0.0,216626.00219262656
1581,214338.04917668502,0.0,214338.04917668502
1582,203709.2594705913,0.0,203709.2594705913
1583,189351.7937466208,0.0,189351.7937466208
1584,181221.1559952792,0.0,181221.1559952792
1585,199283.62368055302,0.0,199283.62368055302
1586,208730.85597194213,0.0,208730.85597194213
1587,196343.9656524426,0.0,196343.9656524426
1588,192313.63207021845,0.0,192313.63207021845
1589,190903.62979514,0.0,190903.62979514
1590,195423.62583825924,0.0,195423.62583825924
1591,192197.5378322979,0.0,192197.5378322979
1592,189671.6403722594,0.0,189671.6403722594
1593,164405.78109692657,0.0,164405.78109692657
1594,176244.56169476415,0.0,176244.56169476415
1595,171480.44764690826,0.0,171480.44764690826
1596,172488.63133991417,0.0,172488.63133991417
1597,172370.06179279924,0.0,172370.06179279924
1598,173965.92698032878,0.0,173965.92698032878
1599,162674.38268090913,0.0,162674.38268090913
1600,178710.20135905853,0.0,178710.20135905853
1601,183584.511385877,0.0,183584.511385877
1602,183662.10791627527,0.0,183662.10791627527
1603,177393.28024404446,0.0,177393.28024404446
1604,179524.65217744728,0.0,179524.65217744728
1605,190335.337424906,0.0,190335.337424906
1606,201892.3206883345,0.0,201892.3206883345
1607,198327.9495498371,0.0,198327.9495498371
1608,205222.70741181044,0.0,205222.70741181044
1609,210872.62346604565,0.0,210872.62346604565
1610,208798.77801830854,0.0,208798.77801830854
1611,248739.82673831467,0.0,248739.82673831467
1612,249990.1597370936,0.0,249990.1597370936
1613,240846.72930884437,0.0,240846.72930884437
1614,257719.93705128483,0.0,257719.93705128483
1615,254851.02379059503,0.0,254851.02379059503
1616,253355.79436103947,0.0,253355.79436103947
1617,261598.66802564712,0.0,261598.66802564712
1618,257511.56647669076,0.0,257511.56647669076
1619,264042.3521364527,0.0,264042.3521364527
1620,279972.6939317282,0.0,279972.6939317282
1621,277269.2038994996,0.0,277269.2038994996
1622,300456.88970228576,0.0,300456.88970228576
1623,300946.948008531,0.0,300946.948008531
1624,308936.0556240927,0.0,308936.0556240927
1625,290855.5632956462,0.0,290855.5632956462
1626,262714.63123298,0.0,262714.63123298
1627,272140.9524095365,0.0,272140.9524095365
1628,251625.14963851383,0.0,251625.14963851383
1629,249206.58723458546,0.0,249206.58723458546
1630,248271.35188527874,0.0,248271.35188527874
1631,242722.72019122142,0.0,242722.72019122142
1632,267023.9986749501,0.0,267023.9986749501
1633,260230.280496894,0.0,260230.280496894
1634,271706.3319505634,0.0,271706.3319505634
1635,260836.00072460814,0.0,260836.00072460814
1636,263113.9465287382,0.0,263113.9465287382
1637,263278.7426133113,0.0,263278.7426133113
1638,275661.1076442846,0.0,275661.1076442846
1639,281799.8643864742,0.0,281799.8643864742
1640,295713.1378267489,0.0,295713.1378267489
1641,301772.70405542525,0.0,301772.70405542525
1642,311340.84713909973,0.0,311340.84713909973
1643,308631.2575520331,0.0,308631.2575520331
1644,330270.41254007135,0.0,330270.41254007135
1645,318851.9237302201,0.0,318851.9237302201
1646,300674.8251423224,0.0,300674.8251423224
1647,306752.8048975468,0.0,306752.8048975468
1648,317809.1651803161,0.0,317809.1651803161
1649,311081.5153992266,0.0,311081.5153992266
1650,313336.92140793364,0.0,313336.92140793364
1651,313441.7008535807,0.0,313441.7008535807
1652,309847.73596997943,0.0,309847.73596997943
1653,292589.129998311,0.0,292589.129998311
1654,294114.4568003634,0.0,294114.4568003634
1655,283534.6520920931,0.0,283534.6520920931
1656,277692.9790383089,0.0,277692.9790383089
1657,297516.9536380848,0.0,297516.9536380848
1658,301837.26684657624,0.0,301837.26684657624
1659,301457.2627985,0.0,301457.2627985
1660,311477.4920790212,0.0,311477.4920790212
1661,317488.34238933015,0.0,317488.34238933015
1662,317565.6001173122,0.0,317565.6001173122
1663,317624.1803799097,0.0,317624.1803799097
1664,319265.95691611763,0.0,319265.95691611763
1665,308740.9286664433,0.0,308740.9286664433
1666,314907.13076326175,0.0,314907.13076326175
1667,319492.40764402505,0.0,319492.40764402505
1668,313949.0105853051,0.0,313949.0105853051
1669,302730.8643720826,0.0,302730.8643720826
1670,314158.1469855983,0.0,314158.1469855983
1671,314502.45959090063,0.0,314502.45959090063
1672,323603.1329011531,0.0,323603.1329011531
1673,324686.4614816197,0.0,324686.4614816197
1674,324031.3191474337,0.0,324031.3191474337
1675,344227.950468912,0.0,344227.950468912
1676,341057.5925370595,0.0,341057.5925370595
1677,342640.400377715,0.0,342640.400377715
1678,332953.2802011958,0.0,332953.2802011958
1679,325585.0846483077,0.0,325585.0846483077
1680,304849.5862816977,0.0,304849.5862816977
1681,301936.3080800658,0.0,301936.3080800658
1682,306359.37580987334,0.0,306359.37580987334
1683,291781.82981193333,0.0,291781.82981193333
1684,280580.8881929953,0.0,280580.8881929953
1685,277442.6964252556,0.0,277442.6964252556
1686,271857.83620449353,0.0,271857.83620449353
1687,266242.95675262174,0.0,266242.95675262174
1688,293351.0275193783,0.0,293351.0275193783
1689,298927.63680974965,0.0,298927.63680974965
1690,297976.49482263665,0.0,297976.49482263665
1691,290983.67621426954,0.0,290983.67621426954
1692,313934.0808503534,0.0,313934.0808503534
1693,314327.6960643464,0.0,314327.6960643464
1694,307614.1714109315,0.0,307614.1714109315
1695,310956.10961515503,0.0,310956.10961515503
1696,289429.98349917965,0.0,289429.98349917965
1697,312432.9898013139,0.0,312432.9898013139
1698,306818.171920429,0.0,306818.171920429
1699,312066.1868603945,0.0,312066.1868603945
1700,320557.8165654347,0.0,320557.8165654347
1701,317096.80935412715,0.0,317096.80935412715
1702,304117.4783509518,0.0,304117.4783509518
1703,308906.275954494,0.0,308906.275954494
1704,266759.33624685527,0.0,266759.33624685527
1705,270646.4085091825,0.0,270646.4085091825
1706,271945.2312011825,0.0,271945.2312011825
1707,254682.29910023167,0.0,254682.29910023167
1708,253186.2259938216,0.0,253186.2259938216
1709,237779.93251526452,0.0,237779.93251526452
1710,234172.76522705003,0.0,234172.76522705003
1711,201825.38913557655,0.0,201825.38913557655
1712,222853.75801996284,0.0,222853.75801996284
1713,203841.96595186414,0.0,203841.96595186414
1714,205358.70986733562,0.0,205358.70986733562
1715,190327.90906378673,0.0,190327.90906378673
1716,212274.57407213646,0.0,212274.57407213646
1717,210691.27069345958,0.0,210691.27069345958
1718,215549.9014521188,0.0,215549.9014521188
1719,211200.9538144954,0.0,211200.9538144954
1720,196212.95888014752,0.0,196212.95888014752
1721,190647.97071972772,0.0,190647.97071972772
1722,196527.61090595234,0.0,196527.61090595234
1723,205658.48485331231,0.0,205658.48485331231
1724,202251.13883337582,0.0,202251.13883337582
1725,207512.68811764842,0.0,207512.68811764842
1726,216538.35750246103,0.0,216538.35750246103
1727,203966.00234431165,0.0,203966.00234431165
1728,196635.13149854259,0.0,196635.13149854259
1729,198388.60881001377,0.0,198388.60881001377
1730,185800.7282512278,0.0,185800.7282512278
1731,185612.86352006148,0.0,185612.86352006148
1732,207378.78211528732,0.0,207378.78211528732
1733,204028.3645959735,0.0,204028.3645959735
1734,207587.66107762847,0.0,207587.66107762847
1735,197635.93254702003,0.0,197635.93254702003
1736,217716.73182842592,0.0,217716.73182842592
1737,226026.33737661617,0.0,226026.33737661617
1738,224312.7023250086,0.0,224312.7023250086
1739,214072.16972316673,0.0,214072.16972316673
1740,212811.0890610079,0.0,212811.0890610079
1741,199904.02846105085,0.0,199904.02846105085
1742,198930.8446111003,0.0,198930.8446111003
1743,199491.34197836893,0.0,199491.34197836893
1744,177758.39833090673,0.0,177758.39833090673
1745,182208.29004243846,0.0,182208.29004243846
1746,189283.74070211113,0.0,189283.74070211113
1747,194891.9781261617,0.0,194891.9781261617
1748,178185.5415245398,0.0,178185.5415245398
1749,181296.64938144275,0.0,181296.64938144275
1750,195489.90049754336,0.0,195489.90049754336
1751,194613.733810824,0.0,194613.733810824
1752,202661.9232946262,0.0,202661.9232946262
1753,198318.08294829875,0.0,198318.08294829875
1754,189947.71120770057,0.0,189947.71120770057
1755,191945.2171134196,0.0,191945.2171134196
1756,196851.1086448896,0.0,196851.1086448896
1757,200559.36938970213,0.0,200559.36938970213
1758,191867.79629781336,0.0,191867.79629781336
1759,194686.78133333675,0.0,194686.78133333675
1760,192752.46524551354,0.0,192752.46524551354
1761,187453.51830587743,0.0,187453.51830587743
1762,193006.68622889256,0.0,193006.68622889256
1763,191460.0201217035,0.0,191460.0201217035
1764,195715.0154540147,0.0,195715.0154540147
1765,189778.8523341598,0.0,189778.8523341598
1766,187259.2974241648,0.0,187259.2974241648
1767,188175.18938308902,0.0,188175.18938308902
1768,182180.5564722034,0.0,182180.5564722034
1769,180536.18889041734,0.0,180536.18889041734
1770,181285.77923095593,0.0,181285.77923095593
1771,182976.96220415673,0.0,182976.96220415673
1772,177580.18504698976,0.0,177580.18504698976
1773,171839.19979340828,0.0,171839.19979340828
1774,185451.5467580492,0.0,185451.5467580492
1775,186671.93538555613,0.0,186671.93538555613
1776,194280.2250006006,0.0,194280.2250006006
1777,198505.23202919544,0.0,198505.23202919544
1778,204985.0156424719,0.0,204985.0156424719
1779,216502.18634371922,0.0,216502.18634371922
1780,228813.08277185418,0.0,228813.08277185418
1781,232466.16122498974,0.0,232466.16122498974
1782,232670.84282124523,0.0,232670.84282124523
1783,245708.51346226485,0.0,245708.51346226485
1784,242654.88559607888,0.0,242654.88559607888
1785,233167.93865024592,0.0,233167.93865024592
1786,228648.67202791508,0.0,228648.67202791508
1787,222670.7371402801,0.0,222670.7371402801
1788,232279.874817817,0.0,232279.874817817
1789,239085.97926102878,0.0,239085.97926102878
1790,250647.7500336879,0.0,250647.7500336879
1791,261417.55309301362,0.0,261417.55309301362
1792,256796.96883452864,0.0,256796.96883452864
1793,271737.0834928337,0.0,271737.0834928337
1794,267649.5805198401,0.0,267649.5805198401
1795,267838.3554364372,0.0,267838.3554364372
1796,260994.78194370162,0.0,260994.78194370162
1797,281256.82899612223,0.0,281256.82899612223
1798,277173.6601722986,0.0,277173.6601722986
1799,277011.7616709875,0.0,277011.7616709875
1800,270852.87582588434,0.0,270852.87582588434
1801,263161.47607272037,0.0,263161.47607272037
1802,264100.6061957482,0.0,264100.6061957482
1803,275825.37622171,0.0,275825.37622171
1804,291307.812773241,0.0,291307.812773241
1805,289128.05170373584,0.0,289128.05170373584
1806,291674.73688911105,0.0,291674.73688911105
1807,292943.92578132835,0.0,292943.92578132835
1808,282572.6616559473,0.0,282572.6616559473
1809,290007.42396004876,0.0,290007.42396004876
1810,278262.3507732644,0.0,278262.3507732644
1811,290847.24480534845,0.0,290847.24480534845
1812,290064.21461346146,0.0,290064.21461346146
1813,289686.8490420726,0.0,289686.8490420726
1814,279563.13388391683,0.0,279563.13388391683
1815,280215.0294429741,0.0,280215.0294429741
1816,290533.47438559396,0.0,290533.47438559396
1817,293470.02781268983,0.0,293470.02781268983
1818,297834.9330556216,0.0,297834.9330556216
1819,297468.53472818114,0.0,297468.53472818114
